column_name,column_value,precision,recall,fbeta,accuracy
race,White,0.8016967126193001,0.5294117647058824,0.6377056094474906,0.8464700625558534
race,Black,0.7906976744186046,0.5230769230769231,0.6296296296296297,0.9332220367278798
race,Other,0.6666666666666666,0.6666666666666666,0.6666666666666666,0.9272727272727272
race,Asian-Pac-Islander,0.7258064516129032,0.7258064516129032,0.7258064516129032,0.8238341968911918
race,Amer-Indian-Eskimo,0.8333333333333334,0.5,0.625,0.9154929577464789
